,,,,,,,,,,,,,,,,,,,,,,,,,,,,,,,,,,,,,,,,,,,,,,,,,,,,,,,
,A Story About the Reels,,,,,,,,,,,,,,,,,,,,,,,,,,,,Case Author,,,,,,,,,,,,,,,,,,,,,,,,,,
,,,,,,,,,,,,,,,,,,,,,,,,,,,,,Andrew Grigolyunovich,,,,,,,,,,,,,,,,,,,,,,,,,,
,Instructions,,,,,,,,,,,,,,,,,Reel Strips,,,,,,,,,,,,,,,,,,,,,,,,,,,,,,,,,,,,,
,"No, we will not be dealing with social media content here. Instead, we will revise the old mechanical slot machines.

You are creating an online game, similar to slot machines. However, you don't want to use it for gambling, so the game is free and instead of money the players will be awarded points. The game will use a total of 5 reel strips with 19 sectors each. There are a total of 8 different symbols - 1 symbol at each sector. For Level 1 and Level 2 you will need to use only the first reel, the left-most.

The game starts with all the 5 reels standing on the starting sector as shown to the right (the sector with the cherry). For each turn you will be given the number of sectors that each reel rolls. Remember, that reel strips when placed onto the reels make closed cirles, so if you need to roll 19 sectors, you will get exactly to the starting point. Your goal in the game is to calculate the number of points scored by the player in each game.",,,,,,,,,,,,,,,,,,,,,,,,,,,,,,,,,,,,,,,,,,,,,,,,,,,,,,
,,,,,,,,,,,,,,,,,,??,??,??,??,??,,<- Starting Sector,,,,,,,,,,,,,,,,,,,,,,,,,,,,,,,
,,,,,,,,,,,,,,,,,,??,??,??,??,??,,,,,,,,,,,,,,,,,,,,,,,,,,,,,,,,,
,,,,,,,,,,,,,,,,,,??,??,??,??,??,,,,,,,,,,,,,,,,,,,,,,,,,,,,,,,,,
,,,,,,,,,,,,,,,,,,??,??,??,??,?,,,,,,,,,,,,,,,,,,,,,,,,,,,,,,,,,
,,,,,,,,,,,,,,,,,,??,??,??,?,??,,,,,,,,,,,,,,,,,,,,,,,,,,,,,,,,,
,,,,,,,,,,,,,,,,,,??,??,??,??,??,,,,,,,,,,,,,,,,,,,,,,,,,,,,,,,,,
,,,,,,,,,,,,,,,,,,??,?,??,??,?,,,,,,,,,,,,,,,,,,,,,,,,,,,,,,,,,
,,,,,,,,,,,,,,,,,,??,??,??,??,??,,,,,,,,,,,,,,,,,,,,,,,,,,,,,,,,,
,Scoring,,,,,,,,,,,,,,,,,?,??,??,??,??,,,,,,,,,,,,,,,,,,,,,,,,,,,,,,,,,
,,,,,,,,,,,,,,,,,,??,??,?,??,??,,,,,,,,,,,,,,,,,,,,,,,,,,,,,,,,,
,Item,Base Pts,,Rules,,,,,,,,,,,,,,??,??,??,??,??,,,,,,,,,,,,,,,,,,,,,,,,,,,,,,,,,
,??,100,,"The scoring rules are specific to this case and don't have too many things in common with real slots.
Each item gives a player base points (from 10 to 100).
If a player rolls 5 different symbols on each of the 5 reels (i.e. no duplicates), then the total score for the turn is just the sum of these points.

However, if there are the ""duplicates"", then their points will multiply with each other!
E.g. If you roll 3 ""Bells"" (30 base pts.) and 2 ""Cherries"" (10 base pts.), the total point result will be 30x30x30 + 10x10 = 27,100! If you end up with all the 5 reels showing diamonds, you will score a total of 100^5 = 10 billion points!

In Level 2 and Level 5 you will need to make several turns (rolls or the reels). The total score is just the sum of points scored during each turn.",,,,,,,,,,,,,,??,??,??,??,??,,,,,,,,,,,,,,,,,,,,,,,,,,,,,,,,,
,?,70,,,,,,,,,,,,,,,,??,??,??,??,??,,,,,,,,,,,,,,,,,,,,,,,,,,,,,,,,,
,??,60,,,,,,,,,,,,,,,,??,??,??,??,??,,,,,,,,,,,,,,,,,,,,,,,,,,,,,,,,,
,??,50,,,,,,,,,,,,,,,,??,??,??,??,??,,,,,,,,,,,,,,,,,,,,,,,,,,,,,,,,,
,??,40,,,,,,,,,,,,,,,,??,??,??,??,??,,,,,,,,,,,,,,,,,,,,,,,,,,,,,,,,,
,??,30,,,,,,,,,,,,,,,,??,??,??,??,??,,,,,,,,,,,,,,,,,,,,,,,,,,,,,,,,,
,??,20,,,,,,,,,,,,,,,,??,??,??,??,??,,,,,,,,,,,,,,,,,,,,,,,,,,,,,,,,,
,??,10,,,,,,,,,,,,,,,,??,??,??,??,??,,,,,,,,,,,,,,,,,,,,,,,,,,,,,,,,,
,,,,,,,,,,,,,,,,,,,,,,,,,,,,,,,,,,,,,,,,,,,,,,,,,,,,,,,
,,,,,,,,,,,,,,,,,,,,,,,,,,,,,,,,,,,,,,,,,,,,,,,,,,,,,,,
,Questions,,,,,,,,,,,,,,,,,,,,,,,,,,,,,,,,,,,,,,,,,,,,,,,,,,,,,,
,,,,,,,,,,,,,,,,,,,,,,,,,,,,,,,,,,,,,,,,,,,,,,,,,,,,,,,
,Level 1,Very Easy,,,,,,,,,,,,,,,,,,,,,,,,,,,,,,,,,,,,,,,,,,,,,,,,,,,,,
,,,,,,,,,,,,,,,,,,,,,,,,,,,,,,,,,,,,,,,,,,,,,,,,,,,,,,,
,Let's test the very basic concepts of the game - just 1 roll and 1 reel strip (use the 1st one from the list of reel strips above),,,,,,,,,,,,,,,,,,,,,,,,,,,,,,,,,,,,,,,,,,,,,,,,,,,,,,
,In every game the roll starts from the 1st sector of the reel strip (the one with the cherry). You are given the number of sectors rolled after that.,,,,,,,,,,,,,,,,,,,,,,,,,,,,,,,,,,,,,,,,,,,,,,,,,,,,,,
,How many points will a player score?,,,,,,,,,,,,,,,,,,,,,,,,,,,,,,,,,,,,,,,,,,,,,,,,,,,,,,
,,,,,,,,,,,,,,,,,,,,,,,,,,,,,,,,,,,,,,,,,,,,,,,,,,,,,,,
,Game #,Level,Points,Answer,,1,,,,,,,,,,,,,,,,,,,,,,,,,,,,,,,,,,,,,,,,,,,,,,,,,
,,,,,,,,,,,,,,,,,,,,,,,,,,,,,,,,,,,,,,,,,,,,,,,,,,,,,,,
,Example1,1,0,30,,35,,30,,,,,,,,,,,,,,,,,,,,,,,,,,,,,,,,,,,,,,,,,,,,,,,
,,,,,,,,,,,,,,,,,,,,,,,,,,,,,,,,,,,,,,,,,,,,,,,,,,,,,,,
,1,1,6,50,Correct,93,,50,,,,,,,,,,,,,,,,,,,,,,,,,,,,,,,,,,,,,,,,,,,,,,,
,2,1,6,20,Correct,12,,20,,,,,,,,,,,,,,,,,,,,,,,,,,,,,,,,,,,,,,,,,,,,,,,
,3,1,6,10,Correct,76,,10,,,,,,,,,,,,,,,,,,,,,,,,,,,,,,,,,,,,,,,,,,,,,,,
,4,1,6,50,Correct,79,,50,,,,,,,,,,,,,,,,,,,,,,,,,,,,,,,,,,,,,,,,,,,,,,,
,5,1,6,40,Correct,44,,40,,,,,,,,,,,,,,,,,,,,,,,,,,,,,,,,,,,,,,,,,,,,,,,
,6,1,6,30,Correct,89,,30,,,,,,,,,,,,,,,,,,,,,,,,,,,,,,,,,,,,,,,,,,,,,,,
,7,1,6,40,Correct,53,,40,,,,,,,,,,,,,,,,,,,,,,,,,,,,,,,,,,,,,,,,,,,,,,,
,8,1,6,10,Correct,52,,10,,,,,,,,,,,,,,,,,,,,,,,,,,,,,,,,,,,,,,,,,,,,,,,
,9,1,6,30,Correct,92,,30,,,,,,,,,,,,,,,,,,,,,,,,,,,,,,,,,,,,,,,,,,,,,,,
,10,1,6,30,Correct,87,,30,,,,,,,,,,,,,,,,,,,,,,,,,,,,,,,,,,,,,,,,,,,,,,,
,,,,,,,,,,,,,,,,,,,,,,,,,,,,,,,,,,,,,,,,,,,,,,,,,,,,,,,
,,,,,,,,,,,,,,,,,,,,,,,,,,,,,,,,,,,,,,,,,,,,,,,,,,,,,,,
,Level 2,Easy,,,,,,,,,,,,,,,,,,,,,,,,,,,,,,,,,,,,,,,,,,,,,,,,,,,,,
,,,,,,,,,,,,,,,,,,,,,,,,,,,,,,,,,,,,,,,,,,,,,,,,,,,,,,,
,"One reel strip, 3 turns. Every game starts from the 1st sector, but the next 2 moves start from the last sector of the previous turn.",,,,,,,,,,,,,,,,,,,,,,,,,,,,,,,,,,,,,,,,,,,,,,,,,,,,,,
,,Example2: The reel strip starts the 1st turn in sector 1 and ends in sector 18 (50 points scored).,,,,,,,,,,,,,,,,,,,,,,,,,,,,,,,,,,,,,,,,,,,,,,,,,,,,,
,,"Then the 2nd turn starts in sector 18 and, after making 3 full circles, ends in sector 12 (another 30 points scored)",,,,,,,,,,,,,,,,,,,,,,,,,,,,,,,,,,,,,,,,,,,,,,,,,,,,,
,,Then the 3rd turn starts in sector 12 and ends in the same sector after making exactly 1 full circle (another 30 points scored),,,,,,,,,,,,,,,,,,,,,,,,,,,,,,,,,,,,,,,,,,,,,,,,,,,,,
,How many points has a player scored in total over the 3 turns?,,,,,,,,,,,,,,,,,,,,,,,,,,,,,,,,,,,,,,,,,,,,,,,,,,,,,,
,Game #,Level,Points,Answer,,1,2,3,,,,,,,,,,,,,,,,,,,,,,,,,,,,,,,,,,,,,,,,,,,,,,,
,,,,,,,,,,,,,,,,,,,,,,,,,,,,,,,,,,,,,,,,,,,,,,,,,,,,,,,
,Example2,2,0,110,,17,51,19,,,50,30,30,,,,,,,,,,,,,,,,,,,,,,,,,,,,,,,,,,,,,,,,,,
,,,,,,,,,,,,,,,,,,,,,,,,,,,,,,,,,,,,,,,,,,,,,,,,,,,,,,,
,11,2,8,70,Correct,32,94,38,,,30,20,20,,,,,,,,,,,,,,,,,,,,,,,,,,,,,,,,,,,,,,,,,,
,12,2,8,90,Correct,77,57,69,,,30,30,30,,,,,,,,,,,,,,,,,,,,,,,,,,,,,,,,,,,,,,,,,,
,13,2,8,150,Correct,38,15,47,,,10,40,100,,,,,,,,,,,,,,,,,,,,,,,,,,,,,,,,,,,,,,,,,,
,14,2,8,60,Correct,2,11,5,,,10,30,20,,,,,,,,,,,,,,,,,,,,,,,,,,,,,,,,,,,,,,,,,,
,15,2,8,130,Correct,80,87,83,,,40,40,50,,,,,,,,,,,,,,,,,,,,,,,,,,,,,,,,,,,,,,,,,,
,16,2,8,80,Correct,14,3,66,,,10,50,20,,,,,,,,,,,,,,,,,,,,,,,,,,,,,,,,,,,,,,,,,,
,17,2,8,120,Correct,77,81,35,,,30,40,50,,,,,,,,,,,,,,,,,,,,,,,,,,,,,,,,,,,,,,,,,,
,18,2,8,90,Correct,89,61,42,,,30,50,10,,,,,,,,,,,,,,,,,,,,,,,,,,,,,,,,,,,,,,,,,,
,19,2,8,50,Correct,38,95,16,,,10,10,30,,,,,,,,,,,,,,,,,,,,,,,,,,,,,,,,,,,,,,,,,,
,20,2,8,70,Correct,61,17,26,,,40,10,20,,,,,,,,,,,,,,,,,,,,,,,,,,,,,,,,,,,,,,,,,,
,21,2,8,180,Correct,79,78,82,,,50,100,30,,,,,,,,,,,,,,,,,,,,,,,,,,,,,,,,,,,,,,,,,,
,22,2,8,90,Correct,58,46,25,,,30,20,40,,,,,,,,,,,,,,,,,,,,,,,,,,,,,,,,,,,,,,,,,,
,23,2,8,50,Correct,13,65,93,,,30,10,10,,,,,,,,,,,,,,,,,,,,,,,,,,,,,,,,,,,,,,,,,,
,24,2,8,190,Correct,62,83,91,,,100,20,70,,,,,,,,,,,,,,,,,,,,,,,,,,,,,,,,,,,,,,,,,,
,25,2,8,190,Correct,96,28,14,,,30,60,100,,,,,,,,,,,,,,,,,,,,,,,,,,,,,,,,,,,,,,,,,,
,26,2,8,80,Correct,49,38,36,,,30,30,20,,,,,,,,,,,,,,,,,,,,,,,,,,,,,,,,,,,,,,,,,,
,27,2,8,90,Correct,97,6,6,,,10,70,10,,,,,,,,,,,,,,,,,,,,,,,,,,,,,,,,,,,,,,,,,,
,28,2,8,140,Correct,33,70,97,,,10,70,60,,,,,,,,,,,,,,,,,,,,,,,,,,,,,,,,,,,,,,,,,,
,29,2,8,90,Correct,16,4,53,,,30,30,30,,,,,,,,,,,,,,,,,,,,,,,,,,,,,,,,,,,,,,,,,,
,30,2,8,70,Correct,42,15,7,,,40,10,20,,,,,,,,,,,,,,,,,,,,,,,,,,,,,,,,,,,,,,,,,,
,,,,,,,,,,,,,,,,,,,,,,,,,,,,,,,,,,,,,,,,,,,,,,,,,,,,,,,
,,,,,,,,,,,,,,,,,,,,,,,,,,,,,,,,,,,,,,,,,,,,,,,,,,,,,,,
,Level 3,Medium,,,,,,,,,,,,,,,,,,,,,,,,,,,,,,,,,,,,,,,,,,,,,,,,,,,,,
,,,,,,,,,,,,,,,,,,,,,,,,,,,,,,,,,,,,,,,,,,,,,,,,,,,,,,,
,Let's now move on to the full 5-reel game!,,,,,,,,,,,,,,,,,,,,,,,,,,,,,,,,,,,,,,,,,,,,,,,,,,,,,,
,"But first, let's make sure you understand the scoring system of the game",,,,,,,,,,,,,,,,,,,,,,,,,,,,,,,,,,,,,,,,,,,,,,,,,,,,,,
,You've been provided with the following combinations on the screen.,,,,,,,,,,,,,,,,,,,,,,,,,,,,,,,,,,,,,,,,,,,,,,,,,,,,,,
,How many points has the player scored in each of the games?,,,,,Reel#,,,,,,,,,,,,,,,,,,,,,,,,,,,,,,,,,,,,,,,,,,,,,,,,,
,Game #,Level,Points,Answer,,1,2,3,4,5,,,,,,,,,,,,,,,,,,,,,,,,,,,,,,,,,,,,,,,,,,,,,
,,,,,,,,,,,,,,,,,,,,,,,,,,,,,,,,,,,,,,,,,,,,,,,,,,,,,,,
,Example3,3,0,"125,160",,??,??,??,??,??,,60,100,50,50,50,,60,100,50,,,,1,1,3,0,0,,60,100,125000,#NUM!,#NUM!,,125160,,,,,,,,,,,,,,,,,,,
,,,,,,,,,,,,,,,,,,,,,,,,,,,,,,,,,,,,,,,,,,,,,,,,,,,,,,,
,31,3,10,"1,030",Correct,??,?,??,??,??,,30,70,30,50,10,,30,70,50,10,,,2,1,1,1,0,,900,70,50,10,#NUM!,,1030,,,,,,,,,,,,,,,,,,,
,32,3,10,"10,470",Correct,??,?,??,??,??,,100,70,20,20,100,,100,70,20,,,,2,1,2,0,0,,10000,70,400,#NUM!,#NUM!,,10470,,,,,,,,,,,,,,,,,,,
,33,3,10,260,Correct,??,??,?,??,??,,30,10,70,60,10,,30,10,70,60,,,1,2,1,1,0,,30,100,70,60,#NUM!,,260,,,,,,,,,,,,,,,,,,,
,34,3,10,280,Correct,??,??,??,??,??,,10,20,10,60,100,,10,20,60,100,,,2,1,1,1,0,,100,20,60,100,#NUM!,,280,,,,,,,,,,,,,,,,,,,
,35,3,10,260,Correct,??,??,??,?,??,,10,20,60,70,100,,10,20,60,70,100,,1,1,1,1,1,,10,20,60,70,100,,260,,,,,,,,,,,,,,,,,,,
,36,3,10,"1,000,120",Correct,??,?,??,??,??,,100,70,100,100,50,,100,70,50,,,,3,1,1,0,0,,1000000,70,50,#NUM!,#NUM!,,1000120,,,,,,,,,,,,,,,,,,,
,37,3,10,220,Correct,??,??,??,??,??,,30,100,20,10,60,,30,100,20,10,60,,1,1,1,1,1,,30,100,20,10,60,,220,,,,,,,,,,,,,,,,,,,
,38,3,10,200,Correct,??,??,??,??,??,,50,20,10,10,30,,50,20,10,30,,,1,1,2,1,0,,50,20,100,30,#NUM!,,200,,,,,,,,,,,,,,,,,,,
,39,3,10,"1,660",Correct,??,??,??,??,??,,40,10,20,30,40,,40,10,20,30,,,2,1,1,1,0,,1600,10,20,30,#NUM!,,1660,,,,,,,,,,,,,,,,,,,
,40,3,10,"10,140",Correct,??,??,?,??,??,,30,40,70,100,100,,30,40,70,100,,,1,1,1,2,0,,30,40,70,10000,#NUM!,,10140,,,,,,,,,,,,,,,,,,,
,41,3,10,"8,170",Correct,?,??,??,??,??,,70,20,20,20,100,,70,20,100,,,,1,3,1,0,0,,70,8000,100,#NUM!,#NUM!,,8170,,,,,,,,,,,,,,,,,,,
,42,3,10,"5,030",Correct,?,??,??,??,?,,70,40,60,30,70,,70,40,60,30,,,2,1,1,1,0,,4900,40,60,30,#NUM!,,5030,,,,,,,,,,,,,,,,,,,
,43,3,10,310,Correct,??,??,??,?,??,,100,60,30,70,50,,100,60,30,70,50,,1,1,1,1,1,,100,60,30,70,50,,310,,,,,,,,,,,,,,,,,,,
,44,3,10,"216,040",Correct,??,??,??,??,??,,60,60,30,60,10,,60,30,10,,,,3,1,1,0,0,,216000,30,10,#NUM!,#NUM!,,216040,,,,,,,,,,,,,,,,,,,
,45,3,10,"4,010",Correct,??,??,??,??,??,,10,60,20,60,20,,10,60,20,,,,1,2,2,0,0,,10,3600,400,#NUM!,#NUM!,,4010,,,,,,,,,,,,,,,,,,,
,46,3,10,"1,820",Correct,?,??,??,??,??,,70,40,50,100,40,,70,40,50,100,,,1,2,1,1,0,,70,1600,50,100,#NUM!,,1820,,,,,,,,,,,,,,,,,,,
,47,3,10,300,Correct,??,??,??,??,?,,40,100,30,60,70,,40,100,30,60,70,,1,1,1,1,1,,40,100,30,60,70,,300,,,,,,,,,,,,,,,,,,,
,48,3,10,"1,020",Correct,??,??,??,??,?,,10,30,40,30,70,,10,30,40,70,,,1,2,1,1,0,,10,900,40,70,#NUM!,,1020,,,,,,,,,,,,,,,,,,,
,49,3,10,"12,530",Correct,??,??,??,??,??,,50,30,50,100,100,,50,30,100,,,,2,1,2,0,0,,2500,30,10000,#NUM!,#NUM!,,12530,,,,,,,,,,,,,,,,,,,
,50,3,10,"2,640",Correct,??,??,??,??,??,,30,50,50,10,100,,30,50,10,100,,,1,2,1,1,0,,30,2500,10,100,#NUM!,,2640,,,,,,,,,,,,,,,,,,,
,,,,,,,,,,,,,,,,,,,,,,,,,,,,,,,,,,,,,,,,,,,,,,,,,,,,,,,
,,,,,,,,,,,,,,,,,,,,,,,,,,,,,,,,,,,,,,,,,,,,,,,,,,,,,,,
,Level 4,Medium,,,,,,,,,,,,,,,,,,,,,,,,,,,,,,,,,,,,,,,,,,,,,,,,,,,,,
,,,,,,,,,,,,,,,,,,,,,,,,,,,,,,,,,,,,,,,,,,,,,,,,,,,,,,,
,Let's now test the game with all the 5 reels and reel spins introduced!,,,,,,,,,,,,,,,,,,,,,,,,,,,,,,,,,,,,,,,,,,,,,,,,,,,,,,
,Let's first test it just with 1 turn. In every game all the 5 reels start on the 1st sector (the one with the cherries),,,,,,,,,,,,,,,,,,,,,,,,,,,,,,,,,,,,,,,,,,,,,,,,,,,,,,
,Then you are provided with the number of sectors rolled for each reel.,,,,,,,,,,,,,,,,,,,,,,,,,,,,,,,,,,,,,,,,,,,,,,,,,,,,,,
,How many points has the player scored over this turn?,,,,,Reel#,,,,,,,,,,,,,,,,,,,,,,,,,,,,,,,,,,,,,,,,,,,,,,,,,
,Game #,Level,Points,Answer,,1,2,3,4,5,,,,,,,,,,,,,,,,,,,,,,,,,,,,,,,,,,,,,,,,,,,,,
,,,,,,,,,,,,,,,,,,,,,,,,,,,,,,,,,,,,,,,,,,,,,,,,,,,,,,,
,Example4,4,0,"1,010",,6,98,45,20,99,,40,30,50,30,20,,40,30,50,20,,,1,2,1,1,0,,40,900,50,20,#NUM!,,1010,,,,,,,,,,,,,,,,,,,
,,,,,,,,,,,,,,,,,,,,,,,,,,,,,,,,,,,,,,,,,,,,,,,,,,,,,,,
,51,4,11,"1,720",Correct,84,50,36,32,35,,70,20,30,40,40,,70,20,30,40,,,1,1,1,2,0,,70,20,30,1600,#NUM!,,1720,,,,,,,,,,,,,,,,,,,
,52,4,11,"5,070",Correct,42,66,93,4,44,,40,100,30,70,70,,40,100,30,70,,,1,1,1,2,0,,40,100,30,4900,#NUM!,,5070,,,,,,,,,,,,,,,,,,,
,53,4,11,"10,000,000,000",Correct,62,9,59,97,1,,100,100,100,100,100,,100,,,,,,5,0,0,0,0,,10000000000,#NUM!,#NUM!,#NUM!,#NUM!,,10000000000,,,,,,,,,,,,,,,,,,,
,54,4,11,560,Correct,10,91,44,35,82,,60,20,30,20,70,,60,20,30,70,,,1,2,1,1,0,,60,400,30,70,#NUM!,,560,,,,,,,,,,,,,,,,,,,
,55,4,11,240,Correct,38,28,23,9,9,,10,100,60,50,20,,10,100,60,50,20,,1,1,1,1,1,,10,100,60,50,20,,240,,,,,,,,,,,,,,,,,,,
,56,4,11,190,Correct,77,54,38,72,80,,30,10,10,40,20,,30,10,40,20,,,1,2,1,1,0,,30,100,40,20,#NUM!,,190,,,,,,,,,,,,,,,,,,,
,57,4,11,980,Correct,87,75,92,27,75,,30,50,20,30,10,,30,50,20,10,,,2,1,1,1,0,,900,50,20,10,#NUM!,,980,,,,,,,,,,,,,,,,,,,
,58,4,11,570,Correct,85,54,80,2,48,,20,10,60,100,20,,20,10,60,100,,,2,1,1,1,0,,400,10,60,100,#NUM!,,570,,,,,,,,,,,,,,,,,,,
,59,4,11,210,Correct,97,94,39,68,14,,10,50,20,10,40,,10,50,20,40,,,2,1,1,1,0,,100,50,20,40,#NUM!,,210,,,,,,,,,,,,,,,,,,,
,60,4,11,230,Correct,59,78,5,83,27,,10,20,60,50,10,,10,20,60,50,,,2,1,1,1,0,,100,20,60,50,#NUM!,,230,,,,,,,,,,,,,,,,,,,
,61,4,11,"5,850",Correct,13,82,55,14,98,,30,70,30,50,70,,30,70,50,,,,2,2,1,0,0,,900,4900,50,#NUM!,#NUM!,,5850,,,,,,,,,,,,,,,,,,,
,62,4,11,"3,760",Correct,82,99,32,4,7,,40,50,60,70,60,,40,50,60,70,,,1,1,2,1,0,,40,50,3600,70,#NUM!,,3760,,,,,,,,,,,,,,,,,,,
,63,4,11,"1,090",Correct,71,68,76,46,68,,10,10,10,30,60,,10,30,60,,,,3,1,1,0,0,,1000,30,60,#NUM!,#NUM!,,1090,,,,,,,,,,,,,,,,,,,
,64,4,11,"8,070",Correct,64,62,25,63,35,,20,20,30,20,40,,20,30,40,,,,3,1,1,0,0,,8000,30,40,#NUM!,#NUM!,,8070,,,,,,,,,,,,,,,,,,,
,65,4,11,200,Correct,94,55,41,90,36,,20,30,10,50,10,,20,30,10,50,,,1,1,2,1,0,,20,30,100,50,#NUM!,,200,,,,,,,,,,,,,,,,,,,
,66,4,11,"8,040",Correct,45,5,57,94,99,,20,20,10,30,20,,20,10,30,,,,3,1,1,0,0,,8000,10,30,#NUM!,#NUM!,,8040,,,,,,,,,,,,,,,,,,,
,67,4,11,"1,050",Correct,70,83,11,8,2,,30,40,60,30,50,,30,40,60,50,,,2,1,1,1,0,,900,40,60,50,#NUM!,,1050,,,,,,,,,,,,,,,,,,,
,68,4,11,"4,050",Correct,26,5,49,14,30,,20,20,60,50,60,,20,60,50,,,,2,2,1,0,0,,400,3600,50,#NUM!,#NUM!,,4050,,,,,,,,,,,,,,,,,,,
,69,4,11,"27,110",Correct,73,65,47,37,90,,30,30,70,30,40,,30,70,40,,,,3,1,1,0,0,,27000,70,40,#NUM!,#NUM!,,27110,,,,,,,,,,,,,,,,,,,
,70,4,11,"2,010",Correct,76,14,1,12,16,,10,40,20,20,40,,10,40,20,,,,1,2,2,0,0,,10,1600,400,#NUM!,#NUM!,,2010,,,,,,,,,,,,,,,,,,,
,,,,,,,,,,,,,,,,,,,,,,,,,,,,,,,,,,,,,,,,,,,,,,,,,,,,,,,
,,,,,,,,,,,,,,,,,,,,,,,,,,,,,,,,,,,,,,,,,,,,,,,,,,,,,,,
,Level 5,Hard,,,,,,,,,,,,,,,,,,,,,,,,,,,,,,,,,,,,,,,,,,,,,,,,,,,,,
,,,,,,,,,,,,,,,,,,,,,,,,,,,,,,,,,,,,,,,,,,,,,,,,,,,,,,,
,Let's roll some more turns!,,,,,,,,,,,,,,,,,,,,,,,,,,,,,,,,,,,,,,,,,,,,,,,,,,,,,,
,This time we go for 5 reels and 10 turns,,,,,,,,,,,,,,,,,,,,,,,,,,,,,,,,,,,,,,,,,,,,,,,,,,,,,,
,How many points has the player scored in total?,,,,,Turn 1,,,,,,,,,,,,,,,,,,,,,,,,,,,,,,,,,,,,,,,,,,,,,,,,,
,Game #,Level,Points,Answer,,1,2,3,4,5,,,,,,,,,,,,,,,,,,,,,,,,,,,,,,,,,,,,,,,,,,,,,
,,,,,,,,,,,,,,,,,,,,,,,,,,,,,,,,,,,,,,,,,,,,,,,,,,,,,,,
,Example5,5,0,"23,730",,68,99,13,21,7,,30,50,60,100,60,,30,50,60,100,,,1,1,2,1,0,,30,50,3600,100,#NUM!,,3780,,,,,,,,,,,,,,,,,,,
,,,,,,,,,,,,,,,,,,,,,,,,,,,,,,,,,,,,,,,,,,,,,,,,,,,,,,,
,71,5,12,"238,980",,64,78,81,35,54,,20,20,60,20,40,,20,60,40,,,,3,1,1,0,0,,8000,60,40,#NUM!,#NUM!,,8100,,,,,,,,,,,,,,,,,,,
,72,5,12,"26,300",,69,30,51,28,13,,20,10,60,50,40,,20,10,60,50,40,,1,1,1,1,1,,20,10,60,50,40,,180,,,,,,,,,,,,,,,,,,,
,73,5,12,"133,590",,51,72,75,49,50,,30,20,40,10,10,,30,20,40,10,,,1,1,1,2,0,,30,20,40,100,#NUM!,,190,,,,,,,,,,,,,,,,,,,
,74,5,12,"255,650",,4,38,90,12,58,,40,10,10,20,100,,40,10,20,100,,,1,2,1,1,0,,40,100,20,100,#NUM!,,260,,,,,,,,,,,,,,,,,,,
,75,5,12,"3,429,070",,41,62,58,3,56,,50,20,20,10,10,,50,20,10,,,,1,2,2,0,0,,50,400,100,#NUM!,#NUM!,,550,,,,,,,,,,,,,,,,,,,
,76,5,12,"8,600",,4,74,3,32,77,,40,30,10,40,100,,40,30,10,100,,,2,1,1,1,0,,1600,30,10,100,#NUM!,,1740,,,,,,,,,,,,,,,,,,,
,77,5,12,"222,720",,23,94,10,9,44,,40,50,40,50,70,,40,50,70,,,,2,2,1,0,0,,1600,2500,70,#NUM!,#NUM!,,4170,,,,,,,,,,,,,,,,,,,
,78,5,12,"86,570",,57,10,35,36,29,,10,60,20,60,20,,10,60,20,,,,1,2,2,0,0,,10,3600,400,#NUM!,#NUM!,,4010,,,,,,,,,,,,,,,,,,,
,79,5,12,"169,720",,41,44,71,48,4,,50,70,10,30,20,,50,70,10,30,20,,1,1,1,1,1,,50,70,10,30,20,,180,,,,,,,,,,,,,,,,,,,
,80,5,12,"5,060",,64,36,52,16,8,,20,30,10,20,10,,20,30,10,,,,2,1,2,0,0,,400,30,100,#NUM!,#NUM!,,530,,,,,,,,,,,,,,,,,,,
,81,5,12,"17,860",,27,80,62,52,65,,70,50,60,50,10,,70,50,60,10,,,1,2,1,1,0,,70,2500,60,10,#NUM!,,2640,,,,,,,,,,,,,,,,,,,
,82,5,12,"118,260",,4,35,40,40,87,,40,10,100,100,60,,40,10,100,60,,,1,1,2,1,0,,40,10,10000,60,#NUM!,,10110,,,,,,,,,,,,,,,,,,,
,83,5,12,"5,080",,32,90,68,12,22,,30,40,60,20,70,,30,40,60,20,70,,1,1,1,1,1,,30,40,60,20,70,,220,,,,,,,,,,,,,,,,,,,
,84,5,12,"49,890",,17,62,9,77,43,,50,20,70,30,30,,50,20,70,30,,,1,1,1,2,0,,50,20,70,900,#NUM!,,1040,,,,,,,,,,,,,,,,,,,
,85,5,12,"18,250",,4,15,57,74,63,,40,20,10,60,70,,40,20,10,60,70,,1,1,1,1,1,,40,20,10,60,70,,200,,,,,,,,,,,,,,,,,,,
,86,5,12,"13,790",,52,57,76,58,7,,10,10,10,30,60,,10,30,60,,,,3,1,1,0,0,,1000,30,60,#NUM!,#NUM!,,1090,,,,,,,,,,,,,,,,,,,
,87,5,12,"252,100",,39,81,14,85,16,,30,20,10,50,40,,30,20,10,50,40,,1,1,1,1,1,,30,20,10,50,40,,150,,,,,,,,,,,,,,,,,,,
,88,5,12,"303,780",,75,99,40,53,88,,20,50,100,40,10,,20,50,100,40,10,,1,1,1,1,1,,20,50,100,40,10,,220,,,,,,,,,,,,,,,,,,,
,89,5,12,"10,840",,14,19,48,68,39,,10,10,40,10,100,,10,40,100,,,,3,1,1,0,0,,1000,40,100,#NUM!,#NUM!,,1140,,,,,,,,,,,,,,,,,,,
,90,5,12,"19,310",,31,74,60,62,42,,20,30,10,20,20,,20,30,10,,,,3,1,1,0,0,,8000,30,10,#NUM!,#NUM!,,8040,,,,,,,,,,,,,,,,,,,
,91,5,12,"23,470",,3,10,1,92,86,,50,60,20,20,20,,50,60,20,,,,1,1,3,0,0,,50,60,8000,#NUM!,#NUM!,,8110,,,,,,,,,,,,,,,,,,,
,92,5,12,"18,060",,16,17,37,9,27,,30,30,40,50,10,,30,40,50,10,,,2,1,1,1,0,,900,40,50,10,#NUM!,,1000,,,,,,,,,,,,,,,,,,,
,93,5,12,"27,710",,97,74,78,86,61,,10,30,100,30,20,,10,30,100,20,,,1,2,1,1,0,,10,900,100,20,#NUM!,,1030,,,,,,,,,,,,,,,,,,,
,94,5,12,"47,340",,53,38,55,84,10,,40,10,30,30,20,,40,10,30,20,,,1,1,2,1,0,,40,10,900,20,#NUM!,,970,,,,,,,,,,,,,,,,,,,
,95,5,12,"1,017,920",,42,30,90,44,60,,40,10,10,20,70,,40,10,20,70,,,1,2,1,1,0,,40,100,20,70,#NUM!,,230,,,,,,,,,,,,,,,,,,,
,96,5,12,"353,500",,46,70,99,76,6,,70,20,60,10,70,,70,20,60,10,,,2,1,1,1,0,,4900,20,60,10,#NUM!,,4990,,,,,,,,,,,,,,,,,,,
,97,5,12,"23,830",,71,69,38,40,99,,10,20,10,100,20,,10,20,100,,,,2,2,1,0,0,,100,400,100,#NUM!,#NUM!,,600,,,,,,,,,,,,,,,,,,,
,98,5,12,"11,480",,6,85,41,51,15,,40,100,10,40,10,,40,100,10,,,,2,1,2,0,0,,1600,100,100,#NUM!,#NUM!,,1800,,,,,,,,,,,,,,,,,,,
,99,5,12,"8,320",,61,10,27,71,65,,40,60,60,50,10,,40,60,50,10,,,1,2,1,1,0,,40,3600,50,10,#NUM!,,3700,,,,,,,,,,,,,,,,,,,
,100,5,12,"19,720",,54,20,26,92,96,,30,50,50,20,100,,30,50,20,100,,,1,2,1,1,0,,30,2500,20,100,#NUM!,,2650,,,,,,,,,,,,,,,,,,,
,,,,,,,,,,,,,,,,,,,,,,,,,,,,,,,,,,,,,,,,,,,,,,,,,,,,,,,
,,,,,,Turn 2,,,,,,,,,,,,,,,,,,,,,,,,,,,,,,,,,,,,,,,,,,,,,,,,,
,,,,,,1,2,3,4,5,,,,,,,,,,,,,,,,,,,,,,,,,,,,,,,,,,,,,,,,,,,,,
,,,,,,,,,,,,,,,,,,,,,,,,,,,,,,,,,,,,,,,,,,,,,,,,,,,,,,,
,,,,,,86,83,47,8,32,,60,40,70,30,40,,60,40,70,30,,,1,2,1,1,0,,60,1600,70,30,#NUM!,,1760,,,,,,,,,,,,,,,,,,,
,,,,,,,,,,,,,,,,,,,,,,,,,,,,,,,,,,,,,,,,,,,,,,,,,,,,,,,
,,,,,,14,28,71,52,48,,10,100,10,50,20,,10,100,50,20,,,2,1,1,1,0,,100,100,50,20,#NUM!,,270,,,,,,,,,,,,,,,,,,,
,,,,,,95,42,41,49,82,,10,50,10,10,70,,10,50,70,,,,3,1,1,0,0,,1000,50,70,#NUM!,#NUM!,,1120,,,,,,,,,,,,,,,,,,,
,,,,,,36,35,11,91,71,,50,10,60,40,40,,50,10,60,40,,,1,1,1,2,0,,50,10,60,1600,#NUM!,,1720,,,,,,,,,,,,,,,,,,,
,,,,,,41,3,29,19,55,,50,30,40,10,10,,50,30,40,10,,,1,1,1,2,0,,50,30,40,100,#NUM!,,220,,,,,,,,,,,,,,,,,,,
,,,,,,35,50,4,50,93,,30,20,60,20,10,,30,20,60,10,,,1,2,1,1,0,,30,400,60,10,#NUM!,,500,,,,,,,,,,,,,,,,,,,
,,,,,,50,52,70,19,40,,20,40,60,10,50,,20,40,60,10,50,,1,1,1,1,1,,20,40,60,10,50,,180,,,,,,,,,,,,,,,,,,,
,,,,,,7,69,35,26,86,,20,20,20,50,20,,20,50,,,,,4,1,0,0,0,,160000,50,#NUM!,#NUM!,#NUM!,,160050,,,,,,,,,,,,,,,,,,,
,,,,,,3,23,17,58,72,,50,50,30,30,10,,50,30,10,,,,2,2,1,0,0,,2500,900,10,#NUM!,#NUM!,,3410,,,,,,,,,,,,,,,,,,,
,,,,,,53,55,5,30,82,,40,30,60,10,70,,40,30,60,10,70,,1,1,1,1,1,,40,30,60,10,70,,210,,,,,,,,,,,,,,,,,,,
,,,,,,1,45,31,97,12,,30,40,10,100,10,,30,40,10,100,,,1,1,2,1,0,,30,40,100,100,#NUM!,,270,,,,,,,,,,,,,,,,,,,
,,,,,,74,66,39,83,5,,50,100,20,50,30,,50,100,20,30,,,2,1,1,1,0,,2500,100,20,30,#NUM!,,2650,,,,,,,,,,,,,,,,,,,
,,,,,,40,5,11,13,70,,10,20,60,40,40,,10,20,60,40,,,1,1,1,2,0,,10,20,60,1600,#NUM!,,1690,,,,,,,,,,,,,,,,,,,
,,,,,,94,24,79,46,2,,20,20,10,30,50,,20,10,30,50,,,2,1,1,1,0,,400,10,30,50,#NUM!,,490,,,,,,,,,,,,,,,,,,,
,,,,,,28,29,11,46,38,,20,60,60,30,10,,20,60,30,10,,,1,2,1,1,0,,20,3600,30,10,#NUM!,,3660,,,,,,,,,,,,,,,,,,,
,,,,,,22,55,64,96,36,,50,30,50,30,10,,50,30,10,,,,2,2,1,0,0,,2500,900,10,#NUM!,#NUM!,,3410,,,,,,,,,,,,,,,,,,,
,,,,,,30,27,61,21,50,,30,30,60,100,10,,30,60,100,10,,,2,1,1,1,0,,900,60,100,10,#NUM!,,1070,,,,,,,,,,,,,,,,,,,
,,,,,,86,62,69,2,18,,60,20,10,100,10,,60,20,10,100,,,1,1,2,1,0,,60,20,100,100,#NUM!,,280,,,,,,,,,,,,,,,,,,,
,,,,,,81,17,25,91,23,,100,30,30,40,20,,100,30,40,20,,,1,2,1,1,0,,100,900,40,20,#NUM!,,1060,,,,,,,,,,,,,,,,,,,
,,,,,,35,64,79,2,63,,30,40,10,100,70,,30,40,10,100,70,,1,1,1,1,1,,30,40,10,100,70,,250,,,,,,,,,,,,,,,,,,,
,,,,,,27,54,60,7,81,,70,10,10,50,30,,70,10,50,30,,,1,2,1,1,0,,70,100,50,30,#NUM!,,250,,,,,,,,,,,,,,,,,,,
,,,,,,88,80,29,50,61,,20,50,40,20,20,,20,50,40,,,,3,1,1,0,0,,8000,50,40,#NUM!,#NUM!,,8090,,,,,,,,,,,,,,,,,,,
,,,,,,4,91,80,54,53,,40,20,60,20,10,,40,20,60,10,,,1,2,1,1,0,,40,400,60,10,#NUM!,,510,,,,,,,,,,,,,,,,,,,
,,,,,,82,7,79,37,23,,40,40,10,30,20,,40,10,30,20,,,2,1,1,1,0,,1600,10,30,20,#NUM!,,1660,,,,,,,,,,,,,,,,,,,
,,,,,,6,73,78,93,80,,40,10,100,60,20,,40,10,100,60,20,,1,1,1,1,1,,40,10,100,60,20,,230,,,,,,,,,,,,,,,,,,,
,,,,,,69,21,74,24,70,,20,20,30,20,40,,20,30,40,,,,3,1,1,0,0,,8000,30,40,#NUM!,#NUM!,,8070,,,,,,,,,,,,,,,,,,,
,,,,,,96,24,90,57,92,,30,20,10,10,40,,30,20,10,40,,,1,1,2,1,0,,30,20,100,40,#NUM!,,190,,,,,,,,,,,,,,,,,,,
,,,,,,1,39,65,11,96,,30,50,60,10,100,,30,50,60,10,100,,1,1,1,1,1,,30,50,60,10,100,,250,,,,,,,,,,,,,,,,,,,
,,,,,,35,40,24,86,26,,30,20,60,30,60,,30,20,60,,,,2,1,2,0,0,,900,20,3600,#NUM!,#NUM!,,4520,,,,,,,,,,,,,,,,,,,
,,,,,,43,40,65,62,12,,100,20,60,20,10,,100,20,60,10,,,1,2,1,1,0,,100,400,60,10,#NUM!,,570,,,,,,,,,,,,,,,,,,,
,,,,,,71,12,49,48,72,,10,20,60,30,10,,10,20,60,30,,,2,1,1,1,0,,100,20,60,30,#NUM!,,210,,,,,,,,,,,,,,,,,,,
,,,,,,,,,,,,,,,,,,,,,,,,,,,,,,,,,,,,,,,,,,,,,,,,,,,,,,,
,,,,,,Turn 3,,,,,,,,,,,,,,,,,,,,,,,,,,,,,,,,,,,,,,,,,,,,,,,,,
,,,,,,1,2,3,4,5,,,,,,,,,,,,,,,,,,,,,,,,,,,,,,,,,,,,,,,,,,,,,
,,,,,,,,,,,,,,,,,,,,,,,,,,,,,,,,,,,,,,,,,,,,,,,,,,,,,,,
,,,,,,81,51,43,91,53,,100,20,60,40,10,,100,20,60,40,10,,1,1,1,1,1,,100,20,60,40,10,,230,,,,,,,,,,,,,,,,,,,
,,,,,,,,,,,,,,,,,,,,,,,,,,,,,,,,,,,,,,,,,,,,,,,,,,,,,,,
,,,,,,25,5,9,84,48,,40,20,70,30,20,,40,20,70,30,,,1,2,1,1,0,,40,400,70,30,#NUM!,,540,,,,,,,,,,,,,,,,,,,
,,,,,,25,21,60,58,46,,40,20,10,30,10,,40,20,10,30,,,1,1,2,1,0,,40,20,100,30,#NUM!,,190,,,,,,,,,,,,,,,,,,,
,,,,,,38,99,2,83,78,,10,50,100,50,50,,10,50,100,,,,1,3,1,0,0,,10,125000,100,#NUM!,#NUM!,,125110,,,,,,,,,,,,,,,,,,,
,,,,,,41,24,69,23,58,,50,20,10,70,100,,50,20,10,70,100,,1,1,1,1,1,,50,20,10,70,100,,250,,,,,,,,,,,,,,,,,,,
,,,,,,75,21,54,43,29,,20,20,20,20,20,,20,,,,,,5,0,0,0,0,,3200000,#NUM!,#NUM!,#NUM!,#NUM!,,3200000,,,,,,,,,,,,,,,,,,,
,,,,,,93,54,75,39,61,,50,10,40,30,20,,50,10,40,30,20,,1,1,1,1,1,,50,10,40,30,20,,150,,,,,,,,,,,,,,,,,,,
,,,,,,95,72,92,10,80,,10,20,20,30,20,,10,20,30,,,,1,3,1,0,0,,10,8000,30,#NUM!,#NUM!,,8040,,,,,,,,,,,,,,,,,,,
,,,,,,4,8,33,26,48,,40,30,10,50,20,,40,30,10,50,20,,1,1,1,1,1,,40,30,10,50,20,,150,,,,,,,,,,,,,,,,,,,
,,,,,,93,37,90,54,97,,50,50,10,20,50,,50,10,20,,,,3,1,1,0,0,,125000,10,20,#NUM!,#NUM!,,125030,,,,,,,,,,,,,,,,,,,
,,,,,,18,68,83,92,63,,20,10,50,20,70,,20,10,50,70,,,2,1,1,1,0,,400,10,50,70,#NUM!,,530,,,,,,,,,,,,,,,,,,,
,,,,,,56,78,49,42,17,,20,20,60,70,10,,20,60,70,10,,,2,1,1,1,0,,400,60,70,10,#NUM!,,540,,,,,,,,,,,,,,,,,,,
,,,,,,15,5,82,38,28,,40,20,30,10,20,,40,20,30,10,,,1,2,1,1,0,,40,400,30,10,#NUM!,,480,,,,,,,,,,,,,,,,,,,
,,,,,,34,95,41,77,35,,40,10,10,30,40,,40,10,30,,,,2,2,1,0,0,,1600,100,30,#NUM!,#NUM!,,1730,,,,,,,,,,,,,,,,,,,
,,,,,,36,9,11,23,30,,50,100,60,70,60,,50,100,60,70,,,1,1,2,1,0,,50,100,3600,70,#NUM!,,3820,,,,,,,,,,,,,,,,,,,
,,,,,,45,52,98,45,89,,20,40,10,50,40,,20,40,10,50,,,1,2,1,1,0,,20,1600,10,50,#NUM!,,1680,,,,,,,,,,,,,,,,,,,
,,,,,,22,88,15,77,28,,50,20,30,30,20,,50,20,30,,,,1,2,2,0,0,,50,400,900,#NUM!,#NUM!,,1350,,,,,,,,,,,,,,,,,,,
,,,,,,51,31,59,56,1,,30,20,100,30,100,,30,20,100,,,,2,1,2,0,0,,900,20,10000,#NUM!,#NUM!,,10920,,,,,,,,,,,,,,,,,,,
,,,,,,63,67,41,27,1,,40,60,10,30,100,,40,60,10,30,100,,1,1,1,1,1,,40,60,10,30,100,,240,,,,,,,,,,,,,,,,,,,
,,,,,,52,63,81,94,33,,10,70,60,30,40,,10,70,60,30,40,,1,1,1,1,1,,10,70,60,30,40,,210,,,,,,,,,,,,,,,,,,,
,,,,,,51,82,62,69,91,,30,70,60,20,10,,30,70,60,20,10,,1,1,1,1,1,,30,70,60,20,10,,190,,,,,,,,,,,,,,,,,,,
,,,,,,85,99,98,99,34,,20,50,10,70,10,,20,50,10,70,,,1,1,2,1,0,,20,50,100,70,#NUM!,,240,,,,,,,,,,,,,,,,,,,
,,,,,,49,11,47,46,63,,30,10,70,30,70,,30,10,70,,,,2,1,2,0,0,,900,10,4900,#NUM!,#NUM!,,5810,,,,,,,,,,,,,,,,,,,
,,,,,,97,65,33,68,93,,10,30,10,10,10,,10,30,,,,,4,1,0,0,0,,10000,30,#NUM!,#NUM!,#NUM!,,10030,,,,,,,,,,,,,,,,,,,
,,,,,,98,47,15,67,74,,50,100,30,30,10,,50,100,30,10,,,1,1,2,1,0,,50,100,900,10,#NUM!,,1060,,,,,,,,,,,,,,,,,,,
,,,,,,75,76,31,62,44,,20,10,10,20,70,,20,10,70,,,,2,2,1,0,0,,400,100,70,#NUM!,#NUM!,,570,,,,,,,,,,,,,,,,,,,
,,,,,,44,32,18,1,89,,40,20,40,30,40,,40,20,30,,,,3,1,1,0,0,,64000,20,30,#NUM!,#NUM!,,64050,,,,,,,,,,,,,,,,,,,
,,,,,,97,29,77,51,58,,10,60,20,40,100,,10,60,20,40,100,,1,1,1,1,1,,10,60,20,40,100,,230,,,,,,,,,,,,,,,,,,,
,,,,,,58,40,2,27,75,,30,20,100,30,10,,30,20,100,10,,,2,1,1,1,0,,900,20,100,10,#NUM!,,1030,,,,,,,,,,,,,,,,,,,
,,,,,,6,8,94,39,63,,40,30,40,30,70,,40,30,70,,,,2,2,1,0,0,,1600,900,70,#NUM!,#NUM!,,2570,,,,,,,,,,,,,,,,,,,
,,,,,,54,49,36,47,83,,30,10,30,50,60,,30,10,50,60,,,2,1,1,1,0,,900,10,50,60,#NUM!,,1020,,,,,,,,,,,,,,,,,,,
,,,,,,,,,,,,,,,,,,,,,,,,,,,,,,,,,,,,,,,,,,,,,,,,,,,,,,,
,,,,,,Turn 4,,,,,,,,,,,,,,,,,,,,,,,,,,,,,,,,,,,,,,,,,,,,,,,,,
,,,,,,1,2,3,4,5,,,,,,,,,,,,,,,,,,,,,,,,,,,,,,,,,,,,,,,,,,,,,
,,,,,,,,,,,,,,,,,,,,,,,,,,,,,,,,,,,,,,,,,,,,,,,,,,,,,,,
,,,,,,92,16,83,79,10,,30,10,50,10,20,,30,10,50,20,,,1,2,1,1,0,,30,100,50,20,#NUM!,,200,,,,,,,,,,,,,,,,,,,
,,,,,,,,,,,,,,,,,,,,,,,,,,,,,,,,,,,,,,,,,,,,,,,,,,,,,,,
,,,,,,80,53,77,23,28,,40,20,20,70,20,,40,20,70,,,,1,3,1,0,0,,40,8000,70,#NUM!,#NUM!,,8110,,,,,,,,,,,,,,,,,,,
,,,,,,26,28,65,36,57,,20,100,60,60,10,,20,100,60,10,,,1,1,2,1,0,,20,100,3600,10,#NUM!,,3730,,,,,,,,,,,,,,,,,,,
,,,,,,93,73,23,19,95,,50,10,60,10,10,,50,10,60,,,,1,3,1,0,0,,50,1000,60,#NUM!,#NUM!,,1110,,,,,,,,,,,,,,,,,,,
,,,,,,55,49,87,24,84,,50,10,60,20,10,,50,10,60,20,,,1,2,1,1,0,,50,100,60,20,#NUM!,,230,,,,,,,,,,,,,,,,,,,
,,,,,,33,54,43,28,58,,10,10,60,50,100,,10,60,50,100,,,2,1,1,1,0,,100,60,50,100,#NUM!,,310,,,,,,,,,,,,,,,,,,,
,,,,,,73,17,32,63,52,,30,30,60,20,40,,30,60,20,40,,,2,1,1,1,0,,900,60,20,40,#NUM!,,1020,,,,,,,,,,,,,,,,,,,
,,,,,,98,60,25,95,24,,50,30,30,10,30,,50,30,10,,,,1,3,1,0,0,,50,27000,10,#NUM!,#NUM!,,27060,,,,,,,,,,,,,,,,,,,
,,,,,,74,3,90,8,46,,50,30,10,30,10,,50,30,10,,,,1,2,2,0,0,,50,900,100,#NUM!,#NUM!,,1050,,,,,,,,,,,,,,,,,,,
,,,,,,22,95,76,14,54,,50,10,10,50,40,,50,10,40,,,,2,2,1,0,0,,2500,100,40,#NUM!,#NUM!,,2640,,,,,,,,,,,,,,,,,,,
,,,,,,14,5,46,69,44,,10,20,60,20,70,,10,20,60,70,,,1,2,1,1,0,,10,400,60,70,#NUM!,,540,,,,,,,,,,,,,,,,,,,
,,,,,,16,96,73,16,12,,30,50,20,20,10,,30,50,20,10,,,1,1,2,1,0,,30,50,400,10,#NUM!,,490,,,,,,,,,,,,,,,,,,,
,,,,,,63,81,1,75,45,,40,20,20,30,60,,40,20,30,60,,,1,2,1,1,0,,40,400,30,60,#NUM!,,530,,,,,,,,,,,,,,,,,,,
,,,,,,47,80,85,94,64,,20,50,70,30,60,,20,50,70,30,60,,1,1,1,1,1,,20,50,70,30,60,,230,,,,,,,,,,,,,,,,,,,
,,,,,,92,36,49,16,32,,30,30,60,20,40,,30,60,20,40,,,2,1,1,1,0,,900,60,20,40,#NUM!,,1020,,,,,,,,,,,,,,,,,,,
,,,,,,84,16,7,49,6,,70,10,50,10,70,,70,10,50,,,,2,2,1,0,0,,4900,100,50,#NUM!,#NUM!,,5050,,,,,,,,,,,,,,,,,,,
,,,,,,12,26,14,10,50,,20,40,10,30,10,,20,40,10,30,,,1,1,2,1,0,,20,40,100,30,#NUM!,,190,,,,,,,,,,,,,,,,,,,
,,,,,,47,49,75,78,39,,20,10,40,100,100,,20,10,40,100,,,1,1,1,2,0,,20,10,40,10000,#NUM!,,10070,,,,,,,,,,,,,,,,,,,
,,,,,,19,42,39,14,59,,10,50,20,50,50,,10,50,20,,,,1,3,1,0,0,,10,125000,20,#NUM!,#NUM!,,125030,,,,,,,,,,,,,,,,,,,
,,,,,,87,14,8,20,54,,30,40,60,30,40,,30,40,60,,,,2,2,1,0,0,,900,1600,60,#NUM!,#NUM!,,2560,,,,,,,,,,,,,,,,,,,
,,,,,,83,99,11,1,27,,20,50,60,30,10,,20,50,60,30,10,,1,1,1,1,1,,20,50,60,30,10,,170,,,,,,,,,,,,,,,,,,,
,,,,,,47,55,13,58,49,,20,30,60,30,60,,20,30,60,,,,1,2,2,0,0,,20,900,3600,#NUM!,#NUM!,,4520,,,,,,,,,,,,,,,,,,,
,,,,,,34,48,26,51,61,,40,60,50,40,20,,40,60,50,20,,,2,1,1,1,0,,1600,60,50,20,#NUM!,,1730,,,,,,,,,,,,,,,,,,,
,,,,,,67,88,38,56,74,,60,20,10,30,10,,60,20,10,30,,,1,1,2,1,0,,60,20,100,30,#NUM!,,210,,,,,,,,,,,,,,,,,,,
,,,,,,69,13,65,73,79,,20,20,60,20,70,,20,60,70,,,,3,1,1,0,0,,8000,60,70,#NUM!,#NUM!,,8130,,,,,,,,,,,,,,,,,,,
,,,,,,38,70,80,16,12,,10,20,60,20,10,,10,20,60,,,,2,2,1,0,0,,100,400,60,#NUM!,#NUM!,,560,,,,,,,,,,,,,,,,,,,
,,,,,,58,96,72,23,76,,30,50,30,70,10,,30,50,70,10,,,2,1,1,1,0,,900,50,70,10,#NUM!,,1030,,,,,,,,,,,,,,,,,,,
,,,,,,85,59,32,24,95,,20,20,60,20,10,,20,60,10,,,,3,1,1,0,0,,8000,60,10,#NUM!,#NUM!,,8070,,,,,,,,,,,,,,,,,,,
,,,,,,91,95,43,30,25,,40,10,60,10,70,,40,10,60,70,,,1,2,1,1,0,,40,100,60,70,#NUM!,,270,,,,,,,,,,,,,,,,,,,
,,,,,,17,50,91,17,71,,50,20,30,60,40,,50,20,30,60,40,,1,1,1,1,1,,50,20,30,60,40,,200,,,,,,,,,,,,,,,,,,,
,,,,,,34,7,66,80,91,,40,40,70,70,10,,40,70,10,,,,2,2,1,0,0,,1600,4900,10,#NUM!,#NUM!,,6510,,,,,,,,,,,,,,,,,,,
,,,,,,,,,,,,,,,,,,,,,,,,,,,,,,,,,,,,,,,,,,,,,,,,,,,,,,,
,,,,,,Turn 5,,,,,,,,,,,,,,,,,,,,,,,,,,,,,,,,,,,,,,,,,,,,,,,,,
,,,,,,1,2,3,4,5,,,,,,,,,,,,,,,,,,,,,,,,,,,,,,,,,,,,,,,,,,,,,
,,,,,,,,,,,,,,,,,,,,,,,,,,,,,,,,,,,,,,,,,,,,,,,,,,,,,,,
,,,,,,95,73,6,57,40,,10,10,30,10,50,,10,30,50,,,,3,1,1,0,0,,1000,30,50,#NUM!,#NUM!,,1080,,,,,,,,,,,,,,,,,,,
,,,,,,,,,,,,,,,,,,,,,,,,,,,,,,,,,,,,,,,,,,,,,,,,,,,,,,,
,,,,,,78,1,28,86,66,,10,50,70,30,20,,10,50,70,30,20,,1,1,1,1,1,,10,50,70,30,20,,180,,,,,,,,,,,,,,,,,,,
,,,,,,54,25,81,66,25,,30,70,60,50,70,,30,70,60,50,,,1,2,1,1,0,,30,4900,60,50,#NUM!,,5040,,,,,,,,,,,,,,,,,,,
,,,,,,99,93,97,70,80,,40,30,100,40,20,,40,30,100,20,,,2,1,1,1,0,,1600,30,100,20,#NUM!,,1750,,,,,,,,,,,,,,,,,,,
,,,,,,51,22,54,37,61,,30,30,20,30,20,,30,20,,,,,3,2,0,0,0,,27000,400,#NUM!,#NUM!,#NUM!,,27400,,,,,,,,,,,,,,,,,,,
,,,,,,65,98,14,68,54,,70,30,10,10,40,,70,30,10,40,,,1,1,2,1,0,,70,30,100,40,#NUM!,,240,,,,,,,,,,,,,,,,,,,
,,,,,,97,78,30,38,68,,10,20,60,10,60,,10,20,60,,,,2,1,2,0,0,,100,20,3600,#NUM!,#NUM!,,3720,,,,,,,,,,,,,,,,,,,
,,,,,,21,96,64,82,6,,10,50,50,20,70,,10,50,20,70,,,1,2,1,1,0,,10,2500,20,70,#NUM!,,2600,,,,,,,,,,,,,,,,,,,
,,,,,,64,45,61,72,35,,20,40,60,40,40,,20,40,60,,,,1,3,1,0,0,,20,64000,60,#NUM!,#NUM!,,64080,,,,,,,,,,,,,,,,,,,
,,,,,,98,67,98,41,96,,50,60,10,10,100,,50,60,10,100,,,1,1,2,1,0,,50,60,100,100,#NUM!,,310,,,,,,,,,,,,,,,,,,,
,,,,,,79,93,24,29,76,,50,30,60,30,10,,50,30,60,10,,,1,2,1,1,0,,50,900,60,10,#NUM!,,1020,,,,,,,,,,,,,,,,,,,
,,,,,,60,40,2,77,75,,50,20,100,30,10,,50,20,100,30,10,,1,1,1,1,1,,50,20,100,30,10,,210,,,,,,,,,,,,,,,,,,,
,,,,,,38,33,8,97,78,,10,40,60,100,50,,10,40,60,100,50,,1,1,1,1,1,,10,40,60,100,50,,260,,,,,,,,,,,,,,,,,,,
,,,,,,94,50,26,61,7,,20,20,50,70,60,,20,50,70,60,,,2,1,1,1,0,,400,50,70,60,#NUM!,,580,,,,,,,,,,,,,,,,,,,
,,,,,,28,76,74,78,36,,20,10,30,100,10,,20,10,30,100,,,1,2,1,1,0,,20,100,30,100,#NUM!,,250,,,,,,,,,,,,,,,,,,,
,,,,,,51,1,38,70,34,,30,50,10,40,10,,30,50,10,40,,,1,1,2,1,0,,30,50,100,40,#NUM!,,220,,,,,,,,,,,,,,,,,,,
,,,,,,46,66,64,75,87,,70,100,50,30,60,,70,100,50,30,60,,1,1,1,1,1,,70,100,50,30,60,,310,,,,,,,,,,,,,,,,,,,
,,,,,,81,7,99,17,87,,100,40,60,60,60,,100,40,60,,,,1,1,3,0,0,,100,40,216000,#NUM!,#NUM!,,216140,,,,,,,,,,,,,,,,,,,
,,,,,,23,27,13,58,90,,40,30,60,30,40,,40,30,60,,,,2,2,1,0,0,,1600,900,60,#NUM!,#NUM!,,2560,,,,,,,,,,,,,,,,,,,
,,,,,,75,39,1,65,13,,20,50,20,30,40,,20,50,30,40,,,2,1,1,1,0,,400,50,30,40,#NUM!,,520,,,,,,,,,,,,,,,,,,,
,,,,,,30,78,84,19,40,,30,20,60,10,50,,30,20,60,10,50,,1,1,1,1,1,,30,20,60,10,50,,170,,,,,,,,,,,,,,,,,,,
,,,,,,51,1,11,79,98,,30,50,60,10,70,,30,50,60,10,70,,1,1,1,1,1,,30,50,60,10,70,,220,,,,,,,,,,,,,,,,,,,
,,,,,,3,50,21,44,97,,50,20,100,20,50,,50,20,100,,,,2,2,1,0,0,,2500,400,100,#NUM!,#NUM!,,3000,,,,,,,,,,,,,,,,,,,
,,,,,,44,91,58,34,79,,40,20,20,40,70,,40,20,70,,,,2,2,1,0,0,,1600,400,70,#NUM!,#NUM!,,2070,,,,,,,,,,,,,,,,,,,
,,,,,,59,22,93,39,83,,10,30,30,30,60,,10,30,60,,,,1,3,1,0,0,,10,27000,60,#NUM!,#NUM!,,27070,,,,,,,,,,,,,,,,,,,
,,,,,,8,28,84,45,3,,70,100,60,50,70,,70,100,60,50,,,2,1,1,1,0,,4900,100,60,50,#NUM!,,5110,,,,,,,,,,,,,,,,,,,
,,,,,,39,75,60,30,87,,30,50,10,10,60,,30,50,10,60,,,1,1,2,1,0,,30,50,100,60,#NUM!,,240,,,,,,,,,,,,,,,,,,,
,,,,,,32,63,62,6,36,,30,70,60,20,10,,30,70,60,20,10,,1,1,1,1,1,,30,70,60,20,10,,190,,,,,,,,,,,,,,,,,,,
,,,,,,85,2,93,97,64,,20,20,30,100,60,,20,30,100,60,,,2,1,1,1,0,,400,30,100,60,#NUM!,,590,,,,,,,,,,,,,,,,,,,
,,,,,,64,30,5,72,21,,20,10,60,40,50,,20,10,60,40,50,,1,1,1,1,1,,20,10,60,40,50,,180,,,,,,,,,,,,,,,,,,,
,,,,,,4,81,83,36,62,,40,20,50,60,30,,40,20,50,60,30,,1,1,1,1,1,,40,20,50,60,30,,200,,,,,,,,,,,,,,,,,,,
,,,,,,,,,,,,,,,,,,,,,,,,,,,,,,,,,,,,,,,,,,,,,,,,,,,,,,,
,,,,,,Turn 6,,,,,,,,,,,,,,,,,,,,,,,,,,,,,,,,,,,,,,,,,,,,,,,,,
,,,,,,1,2,3,4,5,,,,,,,,,,,,,,,,,,,,,,,,,,,,,,,,,,,,,,,,,,,,,
,,,,,,,,,,,,,,,,,,,,,,,,,,,,,,,,,,,,,,,,,,,,,,,,,,,,,,,
,,,,,,54,6,51,86,13,,30,70,60,30,40,,30,70,60,40,,,2,1,1,1,0,,900,70,60,40,#NUM!,,1070,,,,,,,,,,,,,,,,,,,
,,,,,,,,,,,,,,,,,,,,,,,,,,,,,,,,,,,,,,,,,,,,,,,,,,,,,,,
,,,,,,38,54,56,33,17,,10,10,40,50,10,,10,40,50,,,,3,1,1,0,0,,1000,40,50,#NUM!,#NUM!,,1090,,,,,,,,,,,,,,,,,,,
,,,,,,5,6,53,77,36,,100,70,30,30,10,,100,70,30,10,,,1,1,2,1,0,,100,70,900,10,#NUM!,,1080,,,,,,,,,,,,,,,,,,,
,,,,,,3,65,39,85,16,,50,30,20,50,40,,50,30,20,40,,,2,1,1,1,0,,2500,30,20,40,#NUM!,,2590,,,,,,,,,,,,,,,,,,,
,,,,,,47,39,55,4,59,,20,50,30,70,50,,20,50,30,70,,,1,2,1,1,0,,20,2500,30,70,#NUM!,,2620,,,,,,,,,,,,,,,,,,,
,,,,,,61,89,34,50,42,,40,20,30,20,20,,40,20,30,,,,1,3,1,0,0,,40,8000,30,#NUM!,#NUM!,,8070,,,,,,,,,,,,,,,,,,,
,,,,,,75,65,97,60,17,,20,30,100,10,10,,20,30,100,10,,,1,1,1,2,0,,20,30,100,100,#NUM!,,250,,,,,,,,,,,,,,,,,,,
,,,,,,57,59,89,16,87,,10,20,60,20,60,,10,20,60,,,,1,2,2,0,0,,10,400,3600,#NUM!,#NUM!,,4010,,,,,,,,,,,,,,,,,,,
,,,,,,59,1,38,61,65,,10,50,10,70,10,,10,50,70,,,,3,1,1,0,0,,1000,50,70,#NUM!,#NUM!,,1120,,,,,,,,,,,,,,,,,,,
,,,,,,82,81,95,49,37,,40,20,10,10,10,,40,20,10,,,,1,1,3,0,0,,40,20,1000,#NUM!,#NUM!,,1060,,,,,,,,,,,,,,,,,,,
,,,,,,65,31,27,86,42,,70,20,60,30,20,,70,20,60,30,,,1,2,1,1,0,,70,400,60,30,#NUM!,,560,,,,,,,,,,,,,,,,,,,
,,,,,,73,88,98,45,35,,30,20,10,50,40,,30,20,10,50,40,,1,1,1,1,1,,30,20,10,50,40,,150,,,,,,,,,,,,,,,,,,,
,,,,,,3,20,35,57,9,,50,50,20,10,20,,50,20,10,,,,2,2,1,0,0,,2500,400,10,#NUM!,#NUM!,,2910,,,,,,,,,,,,,,,,,,,
,,,,,,70,4,49,51,6,,30,50,60,40,70,,30,50,60,40,70,,1,1,1,1,1,,30,50,60,40,70,,250,,,,,,,,,,,,,,,,,,,
,,,,,,77,22,55,28,39,,30,30,30,50,100,,30,50,100,,,,3,1,1,0,0,,27000,50,100,#NUM!,#NUM!,,27150,,,,,,,,,,,,,,,,,,,
,,,,,,25,93,28,47,70,,40,30,70,50,40,,40,30,70,50,,,2,1,1,1,0,,1600,30,70,50,#NUM!,,1750,,,,,,,,,,,,,,,,,,,
,,,,,,61,59,31,81,99,,40,20,10,20,20,,40,20,10,,,,1,3,1,0,0,,40,8000,10,#NUM!,#NUM!,,8050,,,,,,,,,,,,,,,,,,,
,,,,,,21,75,47,52,28,,10,50,70,50,20,,10,50,70,20,,,1,2,1,1,0,,10,2500,70,20,#NUM!,,2600,,,,,,,,,,,,,,,,,,,
,,,,,,93,66,2,36,11,,50,100,100,60,60,,50,100,60,,,,1,2,2,0,0,,50,10000,3600,#NUM!,#NUM!,,13650,,,,,,,,,,,,,,,,,,,
,,,,,,65,90,72,95,20,,70,40,30,10,100,,70,40,30,10,100,,1,1,1,1,1,,70,40,30,10,100,,250,,,,,,,,,,,,,,,,,,,
,,,,,,55,31,94,64,44,,50,20,40,50,70,,50,20,40,70,,,2,1,1,1,0,,2500,20,40,70,#NUM!,,2630,,,,,,,,,,,,,,,,,,,
,,,,,,85,22,87,14,14,,20,30,60,50,40,,20,30,60,50,40,,1,1,1,1,1,,20,30,60,50,40,,200,,,,,,,,,,,,,,,,,,,
,,,,,,40,11,97,58,94,,10,10,100,30,10,,10,100,30,,,,3,1,1,0,0,,1000,100,30,#NUM!,#NUM!,,1130,,,,,,,,,,,,,,,,,,,
,,,,,,93,35,33,62,14,,50,10,10,20,40,,50,10,20,40,,,1,2,1,1,0,,50,100,20,40,#NUM!,,210,,,,,,,,,,,,,,,,,,,
,,,,,,15,19,20,17,59,,40,10,20,60,50,,40,10,20,60,50,,1,1,1,1,1,,40,10,20,60,50,,180,,,,,,,,,,,,,,,,,,,
,,,,,,10,19,21,25,50,,60,10,100,20,10,,60,10,100,20,,,1,2,1,1,0,,60,100,100,20,#NUM!,,280,,,,,,,,,,,,,,,,,,,
,,,,,,90,10,84,36,59,,10,60,60,60,50,,10,60,50,,,,1,3,1,0,0,,10,216000,50,#NUM!,#NUM!,,216060,,,,,,,,,,,,,,,,,,,
,,,,,,76,5,32,55,88,,10,20,60,60,10,,10,20,60,,,,2,1,2,0,0,,100,20,3600,#NUM!,#NUM!,,3720,,,,,,,,,,,,,,,,,,,
,,,,,,54,33,89,87,39,,30,40,60,10,100,,30,40,60,10,100,,1,1,1,1,1,,30,40,60,10,100,,240,,,,,,,,,,,,,,,,,,,
,,,,,,79,71,87,46,86,,50,40,60,30,20,,50,40,60,30,20,,1,1,1,1,1,,50,40,60,30,20,,200,,,,,,,,,,,,,,,,,,,
,,,,,,23,86,84,33,61,,40,60,60,50,20,,40,60,50,20,,,1,2,1,1,0,,40,3600,50,20,#NUM!,,3710,,,,,,,,,,,,,,,,,,,
,,,,,,,,,,,,,,,,,,,,,,,,,,,,,,,,,,,,,,,,,,,,,,,,,,,,,,,
,,,,,,Turn 7,,,,,,,,,,,,,,,,,,,,,,,,,,,,,,,,,,,,,,,,,,,,,,,,,
,,,,,,1,2,3,4,5,,,,,,,,,,,,,,,,,,,,,,,,,,,,,,,,,,,,,,,,,,,,,
,,,,,,,,,,,,,,,,,,,,,,,,,,,,,,,,,,,,,,,,,,,,,,,,,,,,,,,
,,,,,,96,66,56,23,60,,30,100,40,70,70,,30,100,40,70,,,1,1,1,2,0,,30,100,40,4900,#NUM!,,5070,,,,,,,,,,,,,,,,,,,
,,,,,,,,,,,,,,,,,,,,,,,,,,,,,,,,,,,,,,,,,,,,,,,,,,,,,,,
,,,,,,67,10,11,1,78,,60,60,60,30,50,,60,30,50,,,,3,1,1,0,0,,216000,30,50,#NUM!,#NUM!,,216080,,,,,,,,,,,,,,,,,,,
,,,,,,60,62,95,34,71,,50,20,10,40,40,,50,20,10,40,,,1,1,1,2,0,,50,20,10,1600,#NUM!,,1680,,,,,,,,,,,,,,,,,,,
,,,,,,83,20,5,27,88,,20,50,60,30,10,,20,50,60,30,10,,1,1,1,1,1,,20,50,60,30,10,,170,,,,,,,,,,,,,,,,,,,
,,,,,,24,83,61,93,68,,100,40,60,60,60,,100,40,60,,,,1,1,3,0,0,,100,40,216000,#NUM!,#NUM!,,216140,,,,,,,,,,,,,,,,,,,
,,,,,,12,95,54,47,60,,20,10,20,50,70,,20,10,50,70,,,2,1,1,1,0,,400,10,50,70,#NUM!,,530,,,,,,,,,,,,,,,,,,,
,,,,,,85,94,9,2,17,,20,50,70,100,10,,20,50,70,100,10,,1,1,1,1,1,,20,50,70,100,10,,250,,,,,,,,,,,,,,,,,,,
,,,,,,23,64,96,82,85,,40,40,20,20,20,,40,20,,,,,2,3,0,0,0,,1600,8000,#NUM!,#NUM!,#NUM!,,9600,,,,,,,,,,,,,,,,,,,
,,,,,,31,96,65,93,59,,20,50,60,60,50,,20,50,60,,,,1,2,2,0,0,,20,2500,3600,#NUM!,#NUM!,,6120,,,,,,,,,,,,,,,,,,,
,,,,,,13,74,78,27,47,,30,30,100,30,20,,30,100,20,,,,3,1,1,0,0,,27000,100,20,#NUM!,#NUM!,,27120,,,,,,,,,,,,,,,,,,,
,,,,,,5,45,55,41,34,,100,40,30,10,10,,100,40,30,10,,,1,1,1,2,0,,100,40,30,100,#NUM!,,270,,,,,,,,,,,,,,,,,,,
,,,,,,12,14,61,70,96,,20,40,60,40,100,,20,40,60,100,,,1,2,1,1,0,,20,1600,60,100,#NUM!,,1780,,,,,,,,,,,,,,,,,,,
,,,,,,4,26,45,92,52,,40,40,50,20,40,,40,50,20,,,,3,1,1,0,0,,64000,50,20,#NUM!,#NUM!,,64070,,,,,,,,,,,,,,,,,,,
,,,,,,59,72,75,16,18,,10,20,40,20,10,,10,20,40,,,,2,2,1,0,0,,100,400,40,#NUM!,#NUM!,,540,,,,,,,,,,,,,,,,,,,
,,,,,,81,69,39,38,38,,100,20,20,10,10,,100,20,10,,,,1,2,2,0,0,,100,400,100,#NUM!,#NUM!,,600,,,,,,,,,,,,,,,,,,,
,,,,,,47,58,43,15,47,,20,50,60,40,20,,20,50,60,40,,,2,1,1,1,0,,400,50,60,40,#NUM!,,550,,,,,,,,,,,,,,,,,,,
,,,,,,27,97,11,97,62,,70,20,60,100,30,,70,20,60,100,30,,1,1,1,1,1,,70,20,60,100,30,,280,,,,,,,,,,,,,,,,,,,
,,,,,,5,60,36,74,96,,100,30,30,60,100,,100,30,60,,,,2,2,1,0,0,,10000,900,60,#NUM!,#NUM!,,10960,,,,,,,,,,,,,,,,,,,
,,,,,,22,11,76,2,29,,50,10,10,100,20,,50,10,100,20,,,1,2,1,1,0,,50,100,100,20,#NUM!,,270,,,,,,,,,,,,,,,,,,,
,,,,,,53,27,47,27,97,,40,30,70,30,50,,40,30,70,50,,,1,2,1,1,0,,40,900,70,50,#NUM!,,1060,,,,,,,,,,,,,,,,,,,
,,,,,,74,72,66,41,88,,50,20,70,10,10,,50,20,70,10,,,1,1,1,2,0,,50,20,70,100,#NUM!,,240,,,,,,,,,,,,,,,,,,,
,,,,,,15,5,81,50,78,,40,20,60,20,50,,40,20,60,50,,,1,2,1,1,0,,40,400,60,50,#NUM!,,550,,,,,,,,,,,,,,,,,,,
,,,,,,35,35,56,68,85,,30,10,40,10,20,,30,10,40,20,,,1,2,1,1,0,,30,100,40,20,#NUM!,,190,,,,,,,,,,,,,,,,,,,
,,,,,,52,37,1,20,41,,10,50,20,30,70,,10,50,20,30,70,,1,1,1,1,1,,10,50,20,30,70,,180,,,,,,,,,,,,,,,,,,,
,,,,,,92,83,79,52,98,,30,40,10,50,70,,30,40,10,50,70,,1,1,1,1,1,,30,40,10,50,70,,200,,,,,,,,,,,,,,,,,,,
,,,,,,69,17,93,74,77,,20,30,30,60,100,,20,30,60,100,,,1,2,1,1,0,,20,900,60,100,#NUM!,,1080,,,,,,,,,,,,,,,,,,,
,,,,,,40,14,23,72,54,,10,40,60,40,40,,10,40,60,,,,1,3,1,0,0,,10,64000,60,#NUM!,#NUM!,,64070,,,,,,,,,,,,,,,,,,,
,,,,,,69,50,39,84,90,,20,20,20,30,40,,20,30,40,,,,3,1,1,0,0,,8000,30,40,#NUM!,#NUM!,,8070,,,,,,,,,,,,,,,,,,,
,,,,,,70,26,7,2,18,,30,40,50,100,10,,30,40,50,100,10,,1,1,1,1,1,,30,40,50,100,10,,230,,,,,,,,,,,,,,,,,,,
,,,,,,8,26,98,21,40,,70,40,10,100,50,,70,40,10,100,50,,1,1,1,1,1,,70,40,10,100,50,,270,,,,,,,,,,,,,,,,,,,
,,,,,,58,50,51,60,58,,30,20,60,10,100,,30,20,60,10,100,,1,1,1,1,1,,30,20,60,10,100,,220,,,,,,,,,,,,,,,,,,,
,,,,,,,,,,,,,,,,,,,,,,,,,,,,,,,,,,,,,,,,,,,,,,,,,,,,,,,
,,,,,,Turn 8,,,,,,,,,,,,,,,,,,,,,,,,,,,,,,,,,,,,,,,,,,,,,,,,,
,,,,,,1,2,3,4,5,,,,,,,,,,,,,,,,,,,,,,,,,,,,,,,,,,,,,,,,,,,,,
,,,,,,,,,,,,,,,,,,,,,,,,,,,,,,,,,,,,,,,,,,,,,,,,,,,,,,,
,,,,,,74,33,85,64,3,,50,40,70,50,70,,50,40,70,,,,2,1,2,0,0,,2500,40,4900,#NUM!,#NUM!,,7440,,,,,,,,,,,,,,,,,,,
,,,,,,,,,,,,,,,,,,,,,,,,,,,,,,,,,,,,,,,,,,,,,,,,,,,,,,,
,,,,,,71,20,42,16,65,,10,50,60,20,10,,10,50,60,20,,,2,1,1,1,0,,100,50,60,20,#NUM!,,230,,,,,,,,,,,,,,,,,,,
,,,,,,86,74,45,34,84,,60,30,50,40,10,,60,30,50,40,10,,1,1,1,1,1,,60,30,50,40,10,,190,,,,,,,,,,,,,,,,,,,
,,,,,,88,88,45,13,7,,20,20,50,40,60,,20,50,40,60,,,2,1,1,1,0,,400,50,40,60,#NUM!,,550,,,,,,,,,,,,,,,,,,,
,,,,,,82,43,1,88,45,,40,20,20,20,60,,40,20,60,,,,1,3,1,0,0,,40,8000,60,#NUM!,#NUM!,,8100,,,,,,,,,,,,,,,,,,,
,,,,,,21,10,10,36,30,,10,60,40,60,60,,10,60,40,,,,1,3,1,0,0,,10,216000,40,#NUM!,#NUM!,,216050,,,,,,,,,,,,,,,,,,,
,,,,,,37,34,17,87,95,,20,20,30,10,10,,20,30,10,,,,2,1,2,0,0,,400,30,100,#NUM!,#NUM!,,530,,,,,,,,,,,,,,,,,,,
,,,,,,2,68,8,43,26,,10,10,60,20,60,,10,60,20,,,,2,2,1,0,0,,100,3600,20,#NUM!,#NUM!,,3720,,,,,,,,,,,,,,,,,,,
,,,,,,65,77,46,96,31,,70,50,60,30,10,,70,50,60,30,10,,1,1,1,1,1,,70,50,60,30,10,,220,,,,,,,,,,,,,,,,,,,
,,,,,,94,99,56,47,72,,20,50,40,50,10,,20,50,40,10,,,1,2,1,1,0,,20,2500,40,10,#NUM!,,2570,,,,,,,,,,,,,,,,,,,
,,,,,,92,55,13,12,95,,30,30,60,20,10,,30,60,20,10,,,2,1,1,1,0,,900,60,20,10,#NUM!,,990,,,,,,,,,,,,,,,,,,,
,,,,,,93,50,84,54,9,,50,20,60,20,20,,50,20,60,,,,1,3,1,0,0,,50,8000,60,#NUM!,#NUM!,,8110,,,,,,,,,,,,,,,,,,,
,,,,,,35,9,78,58,43,,30,100,100,30,30,,30,100,,,,,3,2,0,0,0,,27000,10000,#NUM!,#NUM!,#NUM!,,37000,,,,,,,,,,,,,,,,,,,
,,,,,,5,54,87,41,85,,100,10,60,10,20,,100,10,60,20,,,1,2,1,1,0,,100,100,60,20,#NUM!,,280,,,,,,,,,,,,,,,,,,,
,,,,,,26,19,40,59,26,,20,10,100,100,60,,20,10,100,60,,,1,1,2,1,0,,20,10,10000,60,#NUM!,,10090,,,,,,,,,,,,,,,,,,,
,,,,,,69,31,8,36,71,,20,20,60,60,40,,20,60,40,,,,2,2,1,0,0,,400,3600,40,#NUM!,#NUM!,,4040,,,,,,,,,,,,,,,,,,,
,,,,,,9,95,62,84,31,,20,10,60,30,10,,20,10,60,30,,,1,2,1,1,0,,20,100,60,30,#NUM!,,210,,,,,,,,,,,,,,,,,,,
,,,,,,29,25,55,95,65,,60,70,30,10,10,,60,70,30,10,,,1,1,1,2,0,,60,70,30,100,#NUM!,,260,,,,,,,,,,,,,,,,,,,
,,,,,,6,57,32,5,21,,40,10,60,20,50,,40,10,60,20,50,,1,1,1,1,1,,40,10,60,20,50,,180,,,,,,,,,,,,,,,,,,,
,,,,,,93,15,21,26,10,,50,20,100,50,20,,50,20,100,,,,2,2,1,0,0,,2500,400,100,#NUM!,#NUM!,,3000,,,,,,,,,,,,,,,,,,,
,,,,,,7,77,61,53,87,,20,50,60,40,60,,20,50,60,40,,,1,1,2,1,0,,20,50,3600,40,#NUM!,,3710,,,,,,,,,,,,,,,,,,,
,,,,,,55,65,49,25,28,,50,30,60,20,20,,50,30,60,20,,,1,1,1,2,0,,50,30,60,400,#NUM!,,540,,,,,,,,,,,,,,,,,,,
,,,,,,80,98,18,39,10,,40,30,40,30,20,,40,30,20,,,,2,2,1,0,0,,1600,900,20,#NUM!,#NUM!,,2520,,,,,,,,,,,,,,,,,,,
,,,,,,24,9,94,69,6,,100,100,40,20,70,,100,40,20,70,,,2,1,1,1,0,,10000,40,20,70,#NUM!,,10130,,,,,,,,,,,,,,,,,,,
,,,,,,2,37,2,95,7,,10,50,100,10,60,,10,50,100,60,,,2,1,1,1,0,,100,50,100,60,#NUM!,,310,,,,,,,,,,,,,,,,,,,
,,,,,,81,47,75,40,62,,100,100,40,100,30,,100,40,30,,,,3,1,1,0,0,,1000000,40,30,#NUM!,#NUM!,,1000070,,,,,,,,,,,,,,,,,,,
,,,,,,81,13,84,62,6,,100,20,60,20,70,,100,20,60,70,,,1,2,1,1,0,,100,400,60,70,#NUM!,,630,,,,,,,,,,,,,,,,,,,
,,,,,,37,4,79,81,24,,20,50,10,20,30,,20,50,10,30,,,2,1,1,1,0,,400,50,10,30,#NUM!,,490,,,,,,,,,,,,,,,,,,,
,,,,,,94,59,99,9,22,,20,20,60,50,70,,20,60,50,70,,,2,1,1,1,0,,400,60,50,70,#NUM!,,580,,,,,,,,,,,,,,,,,,,
,,,,,,64,77,30,65,51,,20,50,60,30,40,,20,50,60,30,40,,1,1,1,1,1,,20,50,60,30,40,,200,,,,,,,,,,,,,,,,,,,
,,,,,,15,75,38,89,25,,40,50,10,40,70,,40,50,10,70,,,2,1,1,1,0,,1600,50,10,70,#NUM!,,1730,,,,,,,,,,,,,,,,,,,
,,,,,,,,,,,,,,,,,,,,,,,,,,,,,,,,,,,,,,,,,,,,,,,,,,,,,,,
,,,,,,Turn 9,,,,,,,,,,,,,,,,,,,,,,,,,,,,,,,,,,,,,,,,,,,,,,,,,
,,,,,,1,2,3,4,5,,,,,,,,,,,,,,,,,,,,,,,,,,,,,,,,,,,,,,,,,,,,,
,,,,,,,,,,,,,,,,,,,,,,,,,,,,,,,,,,,,,,,,,,,,,,,,,,,,,,,
,,,,,,7,50,30,37,64,,20,20,60,30,60,,20,60,30,,,,2,2,1,0,0,,400,3600,30,#NUM!,#NUM!,,4030,,,,,,,,,,,,,,,,,,,
,,,,,,,,,,,,,,,,,,,,,,,,,,,,,,,,,,,,,,,,,,,,,,,,,,,,,,,
,,,,,,31,90,7,14,70,,20,40,50,50,40,,20,40,50,,,,1,2,2,0,0,,20,1600,2500,#NUM!,#NUM!,,4120,,,,,,,,,,,,,,,,,,,
,,,,,,71,82,64,99,11,,10,70,50,70,60,,10,70,50,60,,,1,2,1,1,0,,10,4900,50,60,#NUM!,,5020,,,,,,,,,,,,,,,,,,,
,,,,,,45,55,38,76,32,,20,30,10,10,40,,20,30,10,40,,,1,1,2,1,0,,20,30,100,40,#NUM!,,190,,,,,,,,,,,,,,,,,,,
,,,,,,98,73,72,4,86,,50,10,30,70,20,,50,10,30,70,20,,1,1,1,1,1,,50,10,30,70,20,,180,,,,,,,,,,,,,,,,,,,
,,,,,,46,75,64,77,86,,70,50,50,30,20,,70,50,30,20,,,1,2,1,1,0,,70,2500,30,20,#NUM!,,2620,,,,,,,,,,,,,,,,,,,
,,,,,,11,83,80,81,44,,30,40,60,20,70,,30,40,60,20,70,,1,1,1,1,1,,30,40,60,20,70,,220,,,,,,,,,,,,,,,,,,,
,,,,,,55,40,17,66,66,,50,20,30,50,20,,50,20,30,,,,2,2,1,0,0,,2500,400,30,#NUM!,#NUM!,,2930,,,,,,,,,,,,,,,,,,,
,,,,,,24,67,77,67,11,,100,60,20,30,60,,100,60,20,30,,,1,2,1,1,0,,100,3600,20,30,#NUM!,,3750,,,,,,,,,,,,,,,,,,,
,,,,,,31,72,98,72,80,,20,20,10,40,20,,20,10,40,,,,3,1,1,0,0,,8000,10,40,#NUM!,#NUM!,,8050,,,,,,,,,,,,,,,,,,,
,,,,,,63,59,17,45,37,,40,20,30,50,10,,40,20,30,50,10,,1,1,1,1,1,,40,20,30,50,10,,150,,,,,,,,,,,,,,,,,,,
,,,,,,34,8,34,74,21,,40,30,30,60,50,,40,30,60,50,,,1,2,1,1,0,,40,900,60,50,#NUM!,,1050,,,,,,,,,,,,,,,,,,,
,,,,,,68,99,69,32,28,,30,50,10,40,20,,30,50,10,40,20,,1,1,1,1,1,,30,50,10,40,20,,150,,,,,,,,,,,,,,,,,,,
,,,,,,68,73,50,59,89,,30,10,10,100,40,,30,10,100,40,,,1,2,1,1,0,,30,100,100,40,#NUM!,,270,,,,,,,,,,,,,,,,,,,
,,,,,,25,69,54,39,14,,40,20,20,30,40,,40,20,30,,,,2,2,1,0,0,,1600,400,30,#NUM!,#NUM!,,2030,,,,,,,,,,,,,,,,,,,
,,,,,,89,96,94,67,98,,30,50,40,30,70,,30,50,40,70,,,2,1,1,1,0,,900,50,40,70,#NUM!,,1060,,,,,,,,,,,,,,,,,,,
,,,,,,53,69,78,65,64,,40,20,100,30,60,,40,20,100,30,60,,1,1,1,1,1,,40,20,100,30,60,,250,,,,,,,,,,,,,,,,,,,
,,,,,,69,1,36,98,96,,20,50,30,10,100,,20,50,30,10,100,,1,1,1,1,1,,20,50,30,10,100,,210,,,,,,,,,,,,,,,,,,,
,,,,,,4,59,58,31,42,,40,20,20,20,20,,40,20,,,,,1,4,0,0,0,,40,160000,#NUM!,#NUM!,#NUM!,,160040,,,,,,,,,,,,,,,,,,,
,,,,,,25,84,64,25,76,,40,30,50,20,10,,40,30,50,20,10,,1,1,1,1,1,,40,30,50,20,10,,150,,,,,,,,,,,,,,,,,,,
,,,,,,14,79,85,74,80,,10,30,70,60,20,,10,30,70,60,20,,1,1,1,1,1,,10,30,70,60,20,,190,,,,,,,,,,,,,,,,,,,
,,,,,,76,61,58,72,48,,10,50,20,40,20,,10,50,20,40,,,1,1,2,1,0,,10,50,400,40,#NUM!,,500,,,,,,,,,,,,,,,,,,,
,,,,,,59,27,49,20,95,,10,30,60,30,10,,10,30,60,,,,2,2,1,0,0,,100,900,60,#NUM!,#NUM!,,1060,,,,,,,,,,,,,,,,,,,
,,,,,,57,34,75,32,2,,10,20,40,40,50,,10,20,40,50,,,1,1,2,1,0,,10,20,1600,50,#NUM!,,1680,,,,,,,,,,,,,,,,,,,
,,,,,,80,12,66,24,10,,40,20,70,20,20,,40,20,70,,,,1,3,1,0,0,,40,8000,70,#NUM!,#NUM!,,8110,,,,,,,,,,,,,,,,,,,
,,,,,,34,26,70,48,78,,40,40,60,30,50,,40,60,30,50,,,2,1,1,1,0,,1600,60,30,50,#NUM!,,1740,,,,,,,,,,,,,,,,,,,
,,,,,,82,78,3,72,26,,40,20,10,40,60,,40,20,10,60,,,2,1,1,1,0,,1600,20,10,60,#NUM!,,1690,,,,,,,,,,,,,,,,,,,
,,,,,,3,64,33,27,33,,50,40,10,30,40,,50,40,10,30,,,1,2,1,1,0,,50,1600,10,30,#NUM!,,1690,,,,,,,,,,,,,,,,,,,
,,,,,,77,37,70,70,50,,30,50,60,40,10,,30,50,60,40,10,,1,1,1,1,1,,30,50,60,40,10,,190,,,,,,,,,,,,,,,,,,,
,,,,,,34,38,5,49,99,,40,10,60,10,20,,40,10,60,20,,,1,2,1,1,0,,40,100,60,20,#NUM!,,220,,,,,,,,,,,,,,,,,,,
,,,,,,16,97,31,59,10,,30,20,10,100,20,,30,20,10,100,,,1,2,1,1,0,,30,400,10,100,#NUM!,,540,,,,,,,,,,,,,,,,,,,
,,,,,,,,,,,,,,,,,,,,,,,,,,,,,,,,,,,,,,,,,,,,,,,,,,,,,,,
,,,,,,Turn 10,,,,,,,,,,,,,,,,,,,,,,,,,,,,,,,,,,,,,,,,,,,,,,,,,
,,,,,,1,2,3,4,5,,,,,,,,,,,,,,,,,,,,,,,,,,,,,,,,,,,,,,,,,,,,,
,,,,,,,,,,,,,,,,,,,,,,,,,,,,,,,,,,,,,,,,,,,,,,,,,,,,,,,
,,,,,,10,98,40,64,55,,60,30,100,50,10,,60,30,100,50,10,,1,1,1,1,1,,60,30,100,50,10,,250,,,,,,,,,,,,,,,,,,,
,,,,,,,,,,,,,,,,,,,,,,,,,,,,,,,,,,,,,,,,,,,,,,,,,,,,,,,
,,,,,,3,64,27,78,17,,50,40,60,100,10,,50,40,60,100,10,,1,1,1,1,1,,50,40,60,100,10,,260,,,,,,,,,,,,,,,,,,,
,,,,,,28,67,73,49,28,,20,60,20,10,20,,20,60,10,,,,3,1,1,0,0,,8000,60,10,#NUM!,#NUM!,,8070,,,,,,,,,,,,,,,,,,,
,,,,,,32,16,4,24,88,,30,10,60,20,10,,30,10,60,20,,,1,2,1,1,0,,30,100,60,20,#NUM!,,210,,,,,,,,,,,,,,,,,,,
,,,,,,90,67,18,47,94,,10,60,40,50,10,,10,60,40,50,,,2,1,1,1,0,,100,60,40,50,#NUM!,,250,,,,,,,,,,,,,,,,,,,
,,,,,,97,60,45,31,94,,10,30,50,20,10,,10,30,50,20,,,2,1,1,1,0,,100,30,50,20,#NUM!,,200,,,,,,,,,,,,,,,,,,,
,,,,,,8,59,96,27,71,,70,20,20,30,40,,70,20,30,40,,,1,2,1,1,0,,70,400,30,40,#NUM!,,540,,,,,,,,,,,,,,,,,,,
,,,,,,29,63,96,22,61,,60,70,20,10,20,,60,70,20,10,,,1,1,2,1,0,,60,70,400,10,#NUM!,,540,,,,,,,,,,,,,,,,,,,
,,,,,,17,92,99,83,27,,50,10,60,50,10,,50,10,60,,,,2,2,1,0,0,,2500,100,60,#NUM!,#NUM!,,2660,,,,,,,,,,,,,,,,,,,
,,,,,,60,71,55,65,14,,50,40,30,30,40,,50,40,30,,,,1,2,2,0,0,,50,1600,900,#NUM!,#NUM!,,2550,,,,,,,,,,,,,,,,,,,
,,,,,,65,74,64,53,34,,70,30,50,40,10,,70,30,50,40,10,,1,1,1,1,1,,70,30,50,40,10,,200,,,,,,,,,,,,,,,,,,,
,,,,,,46,32,14,66,34,,70,20,10,50,10,,70,20,10,50,,,1,1,2,1,0,,70,20,100,50,#NUM!,,240,,,,,,,,,,,,,,,,,,,
,,,,,,52,60,99,56,27,,10,30,60,30,10,,10,30,60,,,,2,2,1,0,0,,100,900,60,#NUM!,#NUM!,,1060,,,,,,,,,,,,,,,,,,,
,,,,,,11,34,26,79,86,,30,20,50,10,20,,30,20,50,10,,,1,2,1,1,0,,30,400,50,10,#NUM!,,490,,,,,,,,,,,,,,,,,,,
,,,,,,24,43,94,36,27,,100,20,40,60,10,,100,20,40,60,10,,1,1,1,1,1,,100,20,40,60,10,,230,,,,,,,,,,,,,,,,,,,
,,,,,,78,85,94,47,34,,10,100,40,50,10,,10,100,40,50,,,2,1,1,1,0,,100,100,40,50,#NUM!,,290,,,,,,,,,,,,,,,,,,,
,,,,,,45,30,13,10,24,,20,10,60,30,30,,20,10,60,30,,,1,1,1,2,0,,20,10,60,900,#NUM!,,990,,,,,,,,,,,,,,,,,,,
,,,,,,47,90,42,6,38,,20,40,60,20,10,,20,40,60,10,,,2,1,1,1,0,,400,40,60,10,#NUM!,,510,,,,,,,,,,,,,,,,,,,
,,,,,,22,44,41,31,23,,50,70,10,20,20,,50,70,10,20,,,1,1,1,2,0,,50,70,10,400,#NUM!,,530,,,,,,,,,,,,,,,,,,,
,,,,,,95,10,75,29,89,,10,60,40,30,40,,10,60,40,30,,,1,1,2,1,0,,10,60,1600,30,#NUM!,,1700,,,,,,,,,,,,,,,,,,,
,,,,,,84,48,84,38,32,,70,60,60,10,40,,70,60,10,40,,,1,2,1,1,0,,70,3600,10,40,#NUM!,,3720,,,,,,,,,,,,,,,,,,,
,,,,,,18,36,30,5,37,,20,30,60,20,10,,20,30,60,10,,,2,1,1,1,0,,400,30,60,10,#NUM!,,500,,,,,,,,,,,,,,,,,,,
,,,,,,23,54,38,11,41,,40,10,10,10,70,,40,10,70,,,,1,3,1,0,0,,40,1000,70,#NUM!,#NUM!,,1110,,,,,,,,,,,,,,,,,,,
,,,,,,47,43,50,34,45,,20,20,10,40,60,,20,10,40,60,,,2,1,1,1,0,,400,10,40,60,#NUM!,,510,,,,,,,,,,,,,,,,,,,
,,,,,,14,86,12,50,75,,10,60,10,20,10,,10,60,20,,,,3,1,1,0,0,,1000,60,20,#NUM!,#NUM!,,1080,,,,,,,,,,,,,,,,,,,
,,,,,,67,55,16,60,94,,60,30,20,10,10,,60,30,20,10,,,1,1,1,2,0,,60,30,20,100,#NUM!,,210,,,,,,,,,,,,,,,,,,,
,,,,,,37,51,52,52,55,,20,20,10,50,10,,20,10,50,,,,2,2,1,0,0,,400,100,50,#NUM!,#NUM!,,550,,,,,,,,,,,,,,,,,,,
,,,,,,88,69,22,26,64,,20,20,10,50,60,,20,10,50,60,,,2,1,1,1,0,,400,10,50,60,#NUM!,,520,,,,,,,,,,,,,,,,,,,
,,,,,,69,24,29,86,32,,20,20,40,30,40,,20,40,30,,,,2,2,1,0,0,,400,1600,30,#NUM!,#NUM!,,2030,,,,,,,,,,,,,,,,,,,
,,,,,,21,20,18,6,37,,10,50,40,20,10,,10,50,40,20,,,2,1,1,1,0,,100,50,40,20,#NUM!,,210,,,,,,,,,,,,,,,,,,,
,,,,,,85,94,25,47,86,,20,50,30,50,20,,20,50,30,,,,2,2,1,0,0,,400,2500,30,#NUM!,#NUM!,,2930,,,,,,,,,,,,,,,,,,,
